{"cameraMode":{"drawMode":0,"name":"Shaded","section":"Shading Mode"},"sceneLighting":true,"audioPlay":false,"sceneViewState":{"m_AlwaysRefresh":false,"showFog":true,"showSkybox":true,"showFlares":true,"showImageEffects":true,"showParticleSystems":true,"showVisualEffectGraphs":true,"m_FxEnabled":true},"in2DMode":false,"pivot":{"x":-2.8380794525146486,"y":-1.0302977561950684,"z":-1.7102012634277344},"rotation":{"x":0.08780127763748169,"y":-0.275678426027298,"z":0.025294950231909753,"w":0.9568981528282166},"size":8.211687088012696,"orthographic":false}